{
  "model": "Qwen/Qwen3.5-9B-Base",
  "layer": 19,
  "datasets": {
    "humaneval": 50,
    "gsm8k": 50,
    "mmlu": 50,
    "truthfulqa": 50
  },
  "n_samples": 200,
  "pca": {
    "n95": 91,
    "n99": 153,
    "ambient_dim": 4096
  },
  "persistence_full": {
    "b_0": {
      "n_features": 200,
      "n_infinite": 1,
      "max_persistence": 40.24713897705078,
      "top5_persistences": [
        40.24713897705078,
        35.06982421875,
        29.489959716796875,
        20.659347534179688,
        16.75703239440918
      ]
    },
    "b_1": {
      "n_features": 86,
      "n_infinite": 0,
      "max_persistence": 4.3679046630859375,
      "top5_persistences": [
        4.3679046630859375,
        3.075216293334961,
        3.0713815689086914,
        2.7659683227539062,
        2.2869491577148438
      ]
    },
    "b_2": {
      "n_features": 15,
      "n_infinite": 0,
      "max_persistence": 1.021932601928711,
      "top5_persistences": [
        1.021932601928711,
        0.8908224105834961,
        0.7881879806518555,
        0.699803352355957,
        0.6905231475830078
      ]
    }
  },
  "graded": false
}