{
  "model": "Qwen/Qwen3.5-9B-Base",
  "layer": 31,
  "datasets": {
    "humaneval": 50,
    "gsm8k": 50,
    "mmlu": 50,
    "truthfulqa": 50
  },
  "n_samples": 200,
  "pca": {
    "n95": 113,
    "n99": 170,
    "ambient_dim": 4096
  },
  "persistence_full": {
    "b_0": {
      "n_features": 200,
      "n_infinite": 1,
      "max_persistence": 174.0828857421875,
      "top5_persistences": [
        174.0828857421875,
        138.72833251953125,
        104.58710479736328,
        100.35159301757812,
        96.48239135742188
      ]
    },
    "b_1": {
      "n_features": 83,
      "n_infinite": 0,
      "max_persistence": 17.914836883544922,
      "top5_persistences": [
        17.914836883544922,
        15.3369140625,
        13.570968627929688,
        13.13625717163086,
        12.681266784667969
      ]
    },
    "b_2": {
      "n_features": 22,
      "n_infinite": 0,
      "max_persistence": 6.425605773925781,
      "top5_persistences": [
        6.425605773925781,
        5.54254150390625,
        3.9336318969726562,
        3.8773422241210938,
        2.5456924438476562
      ]
    }
  },
  "graded": false
}