{
  "model": "Qwen/Qwen3.5-0.8B-Base",
  "layer": 14,
  "datasets": {
    "humaneval": 200,
    "gsm8k": 200,
    "mmlu": 200,
    "truthfulqa": 200
  },
  "n_samples": 764,
  "pca": {
    "n95": 68,
    "n99": 249,
    "ambient_dim": 1024
  },
  "persistence_full": {
    "b_0": {
      "n_features": 764,
      "n_infinite": 1,
      "max_persistence": 2.498014450073242,
      "top5_persistences": [
        2.498014450073242,
        2.338226318359375,
        0.9875606298446655,
        0.8774797916412354,
        0.8673902750015259
      ]
    },
    "b_1": {
      "n_features": 503,
      "n_infinite": 0,
      "max_persistence": 0.1613708734512329,
      "top5_persistences": [
        0.1613708734512329,
        0.15913033485412598,
        0.15078163146972656,
        0.14827960729599,
        0.14694547653198242
      ]
    },
    "b_2": {
      "n_features": 205,
      "n_infinite": 0,
      "max_persistence": 0.08327871561050415,
      "top5_persistences": [
        0.08327871561050415,
        0.07755184173583984,
        0.07448214292526245,
        0.07379943132400513,
        0.058660149574279785
      ]
    }
  },
  "graded": false
}