{
  "model": "Qwen/Qwen3.5-0.8B-Base",
  "layer": 14,
  "datasets": {
    "humaneval": 400,
    "gsm8k": 400,
    "mmlu": 400,
    "truthfulqa": 400
  },
  "n_samples": 1364,
  "pca": {
    "n95": 75,
    "n99": 295,
    "ambient_dim": 1024
  },
  "persistence_full": {
    "b_0": {
      "n_features": 1364,
      "n_infinite": 1,
      "max_persistence": 2.4713008403778076,
      "top5_persistences": [
        2.4713008403778076,
        2.2766923904418945,
        0.776557981967926,
        0.7761709094047546,
        0.732664167881012
      ]
    },
    "b_1": {
      "n_features": 1095,
      "n_infinite": 0,
      "max_persistence": 0.17485898733139038,
      "top5_persistences": [
        0.17485898733139038,
        0.16300475597381592,
        0.1593276858329773,
        0.15260612964630127,
        0.1513945460319519
      ]
    },
    "b_2": {
      "n_features": 557,
      "n_infinite": 0,
      "max_persistence": 0.0659283995628357,
      "top5_persistences": [
        0.0659283995628357,
        0.0631101131439209,
        0.05909872055053711,
        0.05827552080154419,
        0.05692744255065918
      ]
    }
  },
  "graded": false
}