{
  "model": "Qwen/Qwen3.5-9B-Base",
  "layer": 19,
  "datasets": {
    "humaneval": 200,
    "gsm8k": 200,
    "mmlu": 200,
    "truthfulqa": 200
  },
  "n_samples": 764,
  "pca": {
    "n95": 256,
    "n99": 544,
    "ambient_dim": 4096
  },
  "persistence_full": {
    "b_0": {
      "n_features": 764,
      "n_infinite": 1,
      "max_persistence": 35.215919494628906,
      "top5_persistences": [
        35.215919494628906,
        30.74164581298828,
        16.728927612304688,
        14.059836387634277,
        11.071239471435547
      ]
    },
    "b_1": {
      "n_features": 505,
      "n_infinite": 0,
      "max_persistence": 3.970804214477539,
      "top5_persistences": [
        3.970804214477539,
        3.783475875854492,
        3.7201099395751953,
        3.0443334579467773,
        3.0246028900146484
      ]
    },
    "b_2": {
      "n_features": 237,
      "n_infinite": 0,
      "max_persistence": 1.217024803161621,
      "top5_persistences": [
        1.217024803161621,
        1.0202512741088867,
        0.8136358261108398,
        0.8000516891479492,
        0.7769718170166016
      ]
    }
  },
  "graded": false
}