{
  "model": "Qwen/Qwen3.5-0.8B-Base",
  "layer": 23,
  "datasets": {
    "humaneval": 50,
    "gsm8k": 50,
    "mmlu": 50,
    "truthfulqa": 50
  },
  "n_samples": 200,
  "pca": {
    "n95": 65,
    "n99": 118,
    "ambient_dim": 1024
  },
  "persistence_full": {
    "b_0": {
      "n_features": 200,
      "n_infinite": 1,
      "max_persistence": 9.292984008789062,
      "top5_persistences": [
        9.292984008789062,
        8.428174018859863,
        7.635461807250977,
        6.365652561187744,
        6.321414470672607
      ]
    },
    "b_1": {
      "n_features": 61,
      "n_infinite": 0,
      "max_persistence": 0.9395008087158203,
      "top5_persistences": [
        0.9395008087158203,
        0.7912406921386719,
        0.6560263633728027,
        0.47402846813201904,
        0.44282007217407227
      ]
    },
    "b_2": {
      "n_features": 10,
      "n_infinite": 0,
      "max_persistence": 0.10005426406860352,
      "top5_persistences": [
        0.10005426406860352,
        0.07383203506469727,
        0.0652151107788086,
        0.058728694915771484,
        0.0533747673034668
      ]
    }
  },
  "graded": false
}