{
  "model": "Qwen/Qwen3.5-2B-Base",
  "layer": 14,
  "datasets": {
    "humaneval": 200,
    "gsm8k": 200,
    "mmlu": 200,
    "truthfulqa": 200
  },
  "n_samples": 764,
  "pca": {
    "n95": 119,
    "n99": 373,
    "ambient_dim": 2048
  },
  "persistence_full": {
    "b_0": {
      "n_features": 764,
      "n_infinite": 1,
      "max_persistence": 7.51991605758667,
      "top5_persistences": [
        7.51991605758667,
        7.171606540679932,
        2.553413152694702,
        2.399291753768921,
        2.3619847297668457
      ]
    },
    "b_1": {
      "n_features": 479,
      "n_infinite": 0,
      "max_persistence": 0.6485352516174316,
      "top5_persistences": [
        0.6485352516174316,
        0.5186583995819092,
        0.45844006538391113,
        0.4419260025024414,
        0.4045828580856323
      ]
    },
    "b_2": {
      "n_features": 192,
      "n_infinite": 0,
      "max_persistence": 0.17441630363464355,
      "top5_persistences": [
        0.17441630363464355,
        0.16321563720703125,
        0.1554279327392578,
        0.14796042442321777,
        0.1476905345916748
      ]
    }
  },
  "graded": false
}