{
  "model": "Qwen/Qwen3.5-4B-Base",
  "layer": 19,
  "datasets": {
    "humaneval": 50,
    "gsm8k": 50,
    "mmlu": 50,
    "truthfulqa": 50
  },
  "n_samples": 200,
  "pca": {
    "n95": 74,
    "n99": 143,
    "ambient_dim": 2560
  },
  "persistence_full": {
    "b_0": {
      "n_features": 200,
      "n_infinite": 1,
      "max_persistence": 14.449207305908203,
      "top5_persistences": [
        14.449207305908203,
        12.157767295837402,
        8.507222175598145,
        5.047184944152832,
        4.885257244110107
      ]
    },
    "b_1": {
      "n_features": 81,
      "n_infinite": 0,
      "max_persistence": 0.9130129814147949,
      "top5_persistences": [
        0.9130129814147949,
        0.9018487930297852,
        0.8555569648742676,
        0.8408441543579102,
        0.5713467597961426
      ]
    },
    "b_2": {
      "n_features": 19,
      "n_infinite": 0,
      "max_persistence": 0.2754402160644531,
      "top5_persistences": [
        0.2754402160644531,
        0.2062852382659912,
        0.18977832794189453,
        0.13742542266845703,
        0.11213350296020508
      ]
    }
  },
  "graded": true,
  "accuracy_by_dataset": {
    "gsm8k": {
      "n": 50,
      "n_correct": 1
    },
    "humaneval": {
      "n": 50,
      "n_correct": 21
    },
    "mmlu": {
      "n": 50,
      "n_correct": 25
    },
    "truthfulqa": {
      "n": 50,
      "n_correct": 32
    }
  },
  "differential_persistence": {
    "success": {
      "b_0": {
        "n_features": 79,
        "n_infinite": 1,
        "max_persistence": 15.05542278289795,
        "top5_persistences": [
          15.05542278289795,
          13.701833724975586,
          6.672004699707031,
          6.49985408782959,
          6.081536293029785
        ]
      },
      "b_1": {
        "n_features": 22,
        "n_infinite": 0,
        "max_persistence": 0.8040018081665039,
        "top5_persistences": [
          0.8040018081665039,
          0.6744236946105957,
          0.6329412460327148,
          0.6061606407165527,
          0.4147357940673828
        ]
      },
      "b_2": {
        "n_features": 2,
        "n_infinite": 0,
        "max_persistence": 0.03268003463745117,
        "top5_persistences": [
          0.03268003463745117,
          0.01907491683959961
        ]
      }
    },
    "failure": {
      "b_0": {
        "n_features": 121,
        "n_infinite": 1,
        "max_persistence": 14.718255043029785,
        "top5_persistences": [
          14.718255043029785,
          12.413049697875977,
          9.555893898010254,
          6.708165168762207,
          5.807177543640137
        ]
      },
      "b_1": {
        "n_features": 44,
        "n_infinite": 0,
        "max_persistence": 0.9742136001586914,
        "top5_persistences": [
          0.9742136001586914,
          0.698880672454834,
          0.6706018447875977,
          0.45587635040283203,
          0.4197549819946289
        ]
      },
      "b_2": {
        "n_features": 8,
        "n_infinite": 0,
        "max_persistence": 0.1991901397705078,
        "top5_persistences": [
          0.1991901397705078,
          0.14783716201782227,
          0.10481500625610352,
          0.06721353530883789,
          0.05407905578613281
        ]
      }
    },
    "n_success": 79,
    "n_failure": 121
  }
}