{
  "model": "Qwen/Qwen3.5-2B-Base",
  "layer": 24,
  "datasets": {
    "humaneval": 50,
    "gsm8k": 50,
    "mmlu": 50,
    "truthfulqa": 50
  },
  "n_samples": 200,
  "pca": {
    "n95": 85,
    "n99": 146,
    "ambient_dim": 2048
  },
  "persistence_full": {
    "b_0": {
      "n_features": 200,
      "n_infinite": 1,
      "max_persistence": 151.68997192382812,
      "top5_persistences": [
        151.68997192382812,
        92.88578796386719,
        91.11151123046875,
        87.33631896972656,
        77.79308319091797
      ]
    },
    "b_1": {
      "n_features": 65,
      "n_infinite": 0,
      "max_persistence": 9.634635925292969,
      "top5_persistences": [
        9.634635925292969,
        8.959178924560547,
        8.26104736328125,
        7.648975372314453,
        7.607810974121094
      ]
    },
    "b_2": {
      "n_features": 15,
      "n_infinite": 0,
      "max_persistence": 4.6175384521484375,
      "top5_persistences": [
        4.6175384521484375,
        1.8999252319335938,
        1.6643447875976562,
        1.17877197265625,
        1.069244384765625
      ]
    }
  },
  "graded": false
}