{
  "model": "Qwen/Qwen3.5-0.8B-Base",
  "layer": 14,
  "datasets": {
    "humaneval": 50,
    "mbpp": 50,
    "gsm8k": 50,
    "mmlu": 50,
    "truthfulqa": 50,
    "arc_challenge": 50,
    "boolq": 50
  },
  "n_samples": 350,
  "pca": {
    "n95": 45,
    "n99": 154,
    "ambient_dim": 1024
  },
  "persistence_full": {
    "b_0": {
      "n_features": 350,
      "n_infinite": 1,
      "max_persistence": 2.4697184562683105,
      "top5_persistences": [
        2.4697184562683105,
        2.4580652713775635,
        1.4883989095687866,
        1.3431302309036255,
        1.1880736351013184
      ]
    },
    "b_1": {
      "n_features": 123,
      "n_infinite": 0,
      "max_persistence": 0.1738342046737671,
      "top5_persistences": [
        0.1738342046737671,
        0.14438152313232422,
        0.1419907808303833,
        0.12515276670455933,
        0.10692045092582703
      ]
    },
    "b_2": {
      "n_features": 18,
      "n_infinite": 0,
      "max_persistence": 0.04285609722137451,
      "top5_persistences": [
        0.04285609722137451,
        0.025853216648101807,
        0.02104008197784424,
        0.020848453044891357,
        0.017561018466949463
      ]
    }
  },
  "graded": false
}