{
  "model": "Qwen/Qwen3.5-0.8B-Base",
  "layer": 14,
  "datasets": {
    "humaneval": 100,
    "gsm8k": 100,
    "mmlu": 100,
    "truthfulqa": 100
  },
  "n_samples": 400,
  "pca": {
    "n95": 57,
    "n99": 183,
    "ambient_dim": 1024
  },
  "persistence_full": {
    "b_0": {
      "n_features": 400,
      "n_infinite": 1,
      "max_persistence": 2.553457498550415,
      "top5_persistences": [
        2.553457498550415,
        2.388590097427368,
        1.392195463180542,
        1.0087343454360962,
        0.9878841042518616
      ]
    },
    "b_1": {
      "n_features": 217,
      "n_infinite": 0,
      "max_persistence": 0.17967712879180908,
      "top5_persistences": [
        0.17967712879180908,
        0.1676083207130432,
        0.15991967916488647,
        0.14461231231689453,
        0.12915372848510742
      ]
    },
    "b_2": {
      "n_features": 61,
      "n_infinite": 0,
      "max_persistence": 0.06849169731140137,
      "top5_persistences": [
        0.06849169731140137,
        0.059130191802978516,
        0.05382701754570007,
        0.0535239577293396,
        0.051571011543273926
      ]
    }
  },
  "graded": false
}