{
  "model": "Qwen/Qwen3.5-0.8B-Base",
  "layer": 14,
  "datasets": {
    "humaneval": 50,
    "gsm8k": 50,
    "mmlu": 50,
    "truthfulqa": 50
  },
  "n_samples": 200,
  "pca": {
    "n95": 37,
    "n99": 105,
    "ambient_dim": 1024
  },
  "persistence_full": {
    "b_0": {
      "n_features": 200,
      "n_infinite": 1,
      "max_persistence": 2.676006555557251,
      "top5_persistences": [
        2.676006555557251,
        2.497526168823242,
        1.3257988691329956,
        1.1140220165252686,
        1.0998592376708984
      ]
    },
    "b_1": {
      "n_features": 73,
      "n_infinite": 0,
      "max_persistence": 0.1719796061515808,
      "top5_persistences": [
        0.1719796061515808,
        0.14633262157440186,
        0.11569815874099731,
        0.10376423597335815,
        0.10189098119735718
      ]
    },
    "b_2": {
      "n_features": 21,
      "n_infinite": 0,
      "max_persistence": 0.07805371284484863,
      "top5_persistences": [
        0.07805371284484863,
        0.04864615201950073,
        0.039811670780181885,
        0.035131096839904785,
        0.030616044998168945
      ]
    }
  },
  "graded": true,
  "accuracy_by_dataset": {
    "gsm8k": {
      "n": 50,
      "n_correct": 0
    },
    "humaneval": {
      "n": 50,
      "n_correct": 5
    },
    "mmlu": {
      "n": 50,
      "n_correct": 17
    },
    "truthfulqa": {
      "n": 50,
      "n_correct": 13
    }
  },
  "differential_persistence": {
    "success": {
      "b_0": {
        "n_features": 35,
        "n_infinite": 1,
        "max_persistence": 3.0988757610321045,
        "top5_persistences": [
          3.0988757610321045,
          1.1128630638122559,
          1.0830998420715332,
          1.0062333345413208,
          0.9957705736160278
        ]
      },
      "b_1": {
        "n_features": 7,
        "n_infinite": 0,
        "max_persistence": 0.11365175247192383,
        "top5_persistences": [
          0.11365175247192383,
          0.05667567253112793,
          0.03853118419647217,
          0.02203369140625,
          0.013574481010437012
        ]
      },
      "b_2": {
        "n_features": 1,
        "n_infinite": 0,
        "max_persistence": 0.002078235149383545,
        "top5_persistences": [
          0.002078235149383545
        ]
      }
    },
    "failure": {
      "b_0": {
        "n_features": 165,
        "n_infinite": 1,
        "max_persistence": 2.6922144889831543,
        "top5_persistences": [
          2.6922144889831543,
          2.5277113914489746,
          1.4291342496871948,
          1.1468267440795898,
          1.1453803777694702
        ]
      },
      "b_1": {
        "n_features": 64,
        "n_infinite": 0,
        "max_persistence": 0.16652536392211914,
        "top5_persistences": [
          0.16652536392211914,
          0.13257640600204468,
          0.12646448612213135,
          0.1158251166343689,
          0.10085433721542358
        ]
      },
      "b_2": {
        "n_features": 12,
        "n_infinite": 0,
        "max_persistence": 0.04760861396789551,
        "top5_persistences": [
          0.04760861396789551,
          0.029674887657165527,
          0.028902173042297363,
          0.01949775218963623,
          0.019366025924682617
        ]
      }
    },
    "n_success": 35,
    "n_failure": 165
  }
}