{
  "model": "Qwen/Qwen3.5-2B-Base",
  "layer": 14,
  "datasets": {
    "humaneval": 200,
    "mbpp": 200,
    "gsm8k": 200,
    "mmlu": 200,
    "truthfulqa": 200,
    "arc_challenge": 200,
    "boolq": 200
  },
  "n_samples": 1364,
  "pca": {
    "n95": 123,
    "n99": 475,
    "ambient_dim": 2048
  },
  "persistence_full": {
    "b_0": {
      "n_features": 1364,
      "n_infinite": 1,
      "max_persistence": 7.322686195373535,
      "top5_persistences": [
        7.322686195373535,
        7.122955322265625,
        4.937702178955078,
        4.1039719581604,
        2.3803932666778564
      ]
    },
    "b_1": {
      "n_features": 895,
      "n_infinite": 0,
      "max_persistence": 0.5486873388290405,
      "top5_persistences": [
        0.5486873388290405,
        0.5343730449676514,
        0.4895585775375366,
        0.48746514320373535,
        0.4100487232208252
      ]
    },
    "b_2": {
      "n_features": 369,
      "n_infinite": 0,
      "max_persistence": 0.21291840076446533,
      "top5_persistences": [
        0.21291840076446533,
        0.1919173002243042,
        0.18848681449890137,
        0.18402314186096191,
        0.17632508277893066
      ]
    }
  },
  "graded": true,
  "accuracy_by_dataset": {
    "arc_challenge": {
      "n": 200,
      "n_correct": 163
    },
    "boolq": {
      "n": 200,
      "n_correct": 171
    },
    "gsm8k": {
      "n": 200,
      "n_correct": 3
    },
    "humaneval": {
      "n": 164,
      "n_correct": 19
    },
    "mbpp": {
      "n": 200,
      "n_correct": 93
    },
    "mmlu": {
      "n": 200,
      "n_correct": 123
    },
    "truthfulqa": {
      "n": 200,
      "n_correct": 96
    }
  },
  "differential_persistence": {
    "success": {
      "b_0": {
        "n_features": 668,
        "n_infinite": 1,
        "max_persistence": 7.779098987579346,
        "top5_persistences": [
          7.779098987579346,
          7.372467994689941,
          5.179071426391602,
          4.154342174530029,
          2.9546403884887695
        ]
      },
      "b_1": {
        "n_features": 433,
        "n_infinite": 0,
        "max_persistence": 0.4048561453819275,
        "top5_persistences": [
          0.4048561453819275,
          0.3809027671813965,
          0.3695487976074219,
          0.34321320056915283,
          0.3381829261779785
        ]
      },
      "b_2": {
        "n_features": 158,
        "n_infinite": 0,
        "max_persistence": 0.16926336288452148,
        "top5_persistences": [
          0.16926336288452148,
          0.15444207191467285,
          0.15223288536071777,
          0.13819503784179688,
          0.13500761985778809
        ]
      }
    },
    "failure": {
      "b_0": {
        "n_features": 696,
        "n_infinite": 1,
        "max_persistence": 7.496241569519043,
        "top5_persistences": [
          7.496241569519043,
          7.232785701751709,
          4.979390621185303,
          4.221096038818359,
          2.7856955528259277
        ]
      },
      "b_1": {
        "n_features": 387,
        "n_infinite": 0,
        "max_persistence": 0.6963272094726562,
        "top5_persistences": [
          0.6963272094726562,
          0.4467024803161621,
          0.43088650703430176,
          0.42661499977111816,
          0.41067445278167725
        ]
      },
      "b_2": {
        "n_features": 144,
        "n_infinite": 0,
        "max_persistence": 0.18025946617126465,
        "top5_persistences": [
          0.18025946617126465,
          0.15812253952026367,
          0.15803098678588867,
          0.14392077922821045,
          0.14261627197265625
        ]
      }
    },
    "n_success": 668,
    "n_failure": 696
  }
}