{
  "model": "Qwen/Qwen3.5-0.8B-Base",
  "layer": 19,
  "datasets": {
    "humaneval": 50,
    "gsm8k": 50,
    "mmlu": 50,
    "truthfulqa": 50
  },
  "n_samples": 200,
  "pca": {
    "n95": 43,
    "n99": 105,
    "ambient_dim": 1024
  },
  "persistence_full": {
    "b_0": {
      "n_features": 200,
      "n_infinite": 1,
      "max_persistence": 6.670131206512451,
      "top5_persistences": [
        6.670131206512451,
        5.0413312911987305,
        3.428258180618286,
        2.8870978355407715,
        2.7804644107818604
      ]
    },
    "b_1": {
      "n_features": 89,
      "n_infinite": 0,
      "max_persistence": 0.46477699279785156,
      "top5_persistences": [
        0.46477699279785156,
        0.39483141899108887,
        0.28182291984558105,
        0.2813301086425781,
        0.27599644660949707
      ]
    },
    "b_2": {
      "n_features": 17,
      "n_infinite": 0,
      "max_persistence": 0.11090278625488281,
      "top5_persistences": [
        0.11090278625488281,
        0.09407198429107666,
        0.09384489059448242,
        0.08088302612304688,
        0.05598604679107666
      ]
    }
  },
  "graded": false
}