{
  "model": "Qwen/Qwen3.5-0.8B-Base",
  "layer": 14,
  "datasets": {
    "humaneval": 800,
    "gsm8k": 800,
    "mmlu": 800,
    "truthfulqa": 800
  },
  "n_samples": 2564,
  "pca": {
    "n95": 86,
    "n99": 344,
    "ambient_dim": 1024
  },
  "persistence_full": {
    "b_0": {
      "n_features": 2564,
      "n_infinite": 1,
      "max_persistence": 2.4147567749023438,
      "top5_persistences": [
        2.4147567749023438,
        2.2393171787261963,
        0.7063851952552795,
        0.7054433822631836,
        0.6943691372871399
      ]
    },
    "b_1": {
      "n_features": 2473,
      "n_infinite": 0,
      "max_persistence": 0.16534775495529175,
      "top5_persistences": [
        0.16534775495529175,
        0.1616690754890442,
        0.1433330774307251,
        0.14208120107650757,
        0.13801687955856323
      ]
    },
    "b_2": {
      "n_features": 1726,
      "n_infinite": 0,
      "max_persistence": 0.09630095958709717,
      "top5_persistences": [
        0.09630095958709717,
        0.08179503679275513,
        0.07879877090454102,
        0.07650822401046753,
        0.06947493553161621
      ]
    }
  },
  "graded": false
}