{
  "model": "Qwen/Qwen3.5-2B-Base",
  "layer": 14,
  "datasets": {
    "humaneval": 50,
    "gsm8k": 50,
    "mmlu": 50,
    "truthfulqa": 50
  },
  "n_samples": 200,
  "pca": {
    "n95": 55,
    "n99": 128,
    "ambient_dim": 2048
  },
  "persistence_full": {
    "b_0": {
      "n_features": 200,
      "n_infinite": 1,
      "max_persistence": 8.443901062011719,
      "top5_persistences": [
        8.443901062011719,
        8.380269050598145,
        4.197634220123291,
        3.763554573059082,
        3.671375036239624
      ]
    },
    "b_1": {
      "n_features": 77,
      "n_infinite": 0,
      "max_persistence": 0.6908729076385498,
      "top5_persistences": [
        0.6908729076385498,
        0.5605449676513672,
        0.5074784755706787,
        0.4686596393585205,
        0.3531522750854492
      ]
    },
    "b_2": {
      "n_features": 20,
      "n_infinite": 0,
      "max_persistence": 0.1459510326385498,
      "top5_persistences": [
        0.1459510326385498,
        0.14464521408081055,
        0.09336566925048828,
        0.0838468074798584,
        0.07708096504211426
      ]
    }
  },
  "graded": true,
  "accuracy_by_dataset": {
    "gsm8k": {
      "n": 50,
      "n_correct": 1
    },
    "humaneval": {
      "n": 50,
      "n_correct": 8
    },
    "mmlu": {
      "n": 50,
      "n_correct": 20
    },
    "truthfulqa": {
      "n": 50,
      "n_correct": 24
    }
  },
  "differential_persistence": {
    "success": {
      "b_0": {
        "n_features": 53,
        "n_infinite": 1,
        "max_persistence": 9.224974632263184,
        "top5_persistences": [
          9.224974632263184,
          8.729290962219238,
          4.101803302764893,
          4.00670862197876,
          3.7348153591156006
        ]
      },
      "b_1": {
        "n_features": 13,
        "n_infinite": 0,
        "max_persistence": 0.34792399406433105,
        "top5_persistences": [
          0.34792399406433105,
          0.3327310085296631,
          0.3083014488220215,
          0.265549898147583,
          0.22255420684814453
        ]
      },
      "b_2": {
        "n_features": 0
      }
    },
    "failure": {
      "b_0": {
        "n_features": 147,
        "n_infinite": 1,
        "max_persistence": 8.494266510009766,
        "top5_persistences": [
          8.494266510009766,
          8.439162254333496,
          4.334226131439209,
          4.121370792388916,
          3.980386734008789
        ]
      },
      "b_1": {
        "n_features": 53,
        "n_infinite": 0,
        "max_persistence": 0.7095856666564941,
        "top5_persistences": [
          0.7095856666564941,
          0.5144414901733398,
          0.4217965602874756,
          0.34332919120788574,
          0.30875444412231445
        ]
      },
      "b_2": {
        "n_features": 9,
        "n_infinite": 0,
        "max_persistence": 0.21524286270141602,
        "top5_persistences": [
          0.21524286270141602,
          0.12725114822387695,
          0.11598324775695801,
          0.0783224105834961,
          0.0783224105834961
        ]
      }
    },
    "n_success": 53,
    "n_failure": 147
  }
}