{
  "model": "Qwen/Qwen3.5-0.8B-Base",
  "layer": 23,
  "datasets": {
    "humaneval": 50,
    "gsm8k": 50,
    "mmlu": 50,
    "truthfulqa": 50
  },
  "n_samples": 200,
  "pca": {
    "n95": 71,
    "n99": 131,
    "ambient_dim": 1024
  },
  "persistence_full": {
    "b_0": {
      "n_features": 200,
      "n_infinite": 1,
      "max_persistence": 9.319876670837402,
      "top5_persistences": [
        9.319876670837402,
        8.373892784118652,
        7.665416240692139,
        6.4852118492126465,
        6.354005336761475
      ]
    },
    "b_1": {
      "n_features": 73,
      "n_infinite": 0,
      "max_persistence": 0.9565234184265137,
      "top5_persistences": [
        0.9565234184265137,
        0.7359919548034668,
        0.7004847526550293,
        0.6312118768692017,
        0.4518167972564697
      ]
    },
    "b_2": {
      "n_features": 17,
      "n_infinite": 0,
      "max_persistence": 0.2518277168273926,
      "top5_persistences": [
        0.2518277168273926,
        0.1684417724609375,
        0.1318601369857788,
        0.10742592811584473,
        0.0965723991394043
      ]
    }
  },
  "graded": false
}