{
  "model": "Qwen/Qwen3.5-9B-Base",
  "layer": 6,
  "datasets": {
    "humaneval": 50,
    "gsm8k": 50,
    "mmlu": 50,
    "truthfulqa": 50
  },
  "n_samples": 200,
  "pca": {
    "n95": 22,
    "n99": 97,
    "ambient_dim": 4096
  },
  "persistence_full": {
    "b_0": {
      "n_features": 200,
      "n_infinite": 1,
      "max_persistence": 8.53783130645752,
      "top5_persistences": [
        8.53783130645752,
        5.723459243774414,
        3.8450839519500732,
        3.552358388900757,
        3.192387580871582
      ]
    },
    "b_1": {
      "n_features": 51,
      "n_infinite": 0,
      "max_persistence": 0.42924749851226807,
      "top5_persistences": [
        0.42924749851226807,
        0.2902160882949829,
        0.2601262331008911,
        0.2342824935913086,
        0.18455588817596436
      ]
    },
    "b_2": {
      "n_features": 7,
      "n_infinite": 0,
      "max_persistence": 0.11141610145568848,
      "top5_persistences": [
        0.11141610145568848,
        0.08609974384307861,
        0.021681904792785645,
        0.0201147198677063,
        0.012849092483520508
      ]
    }
  },
  "graded": false
}