{
  "model": "Qwen/Qwen3.5-2B-Base",
  "layer": 23,
  "datasets": {
    "humaneval": 50,
    "gsm8k": 50,
    "mmlu": 50,
    "truthfulqa": 50
  },
  "n_samples": 200,
  "pca": {
    "n95": 86,
    "n99": 149,
    "ambient_dim": 2048
  },
  "persistence_full": {
    "b_0": {
      "n_features": 200,
      "n_infinite": 1,
      "max_persistence": 30.416086196899414,
      "top5_persistences": [
        30.416086196899414,
        26.04690170288086,
        23.060285568237305,
        22.977041244506836,
        22.064626693725586
      ]
    },
    "b_1": {
      "n_features": 72,
      "n_infinite": 0,
      "max_persistence": 2.598451614379883,
      "top5_persistences": [
        2.598451614379883,
        2.5776243209838867,
        2.528299331665039,
        1.906334400177002,
        1.8610076904296875
      ]
    },
    "b_2": {
      "n_features": 7,
      "n_infinite": 0,
      "max_persistence": 0.9106817245483398,
      "top5_persistences": [
        0.9106817245483398,
        0.29811859130859375,
        0.24794769287109375,
        0.18528127670288086,
        0.1612720489501953
      ]
    }
  },
  "graded": false
}