{
  "model": "Qwen/Qwen3.5-4B-Base",
  "layer": 19,
  "datasets": {
    "humaneval": 200,
    "gsm8k": 200,
    "mmlu": 200,
    "truthfulqa": 200
  },
  "n_samples": 764,
  "pca": {
    "n95": 186,
    "n99": 468,
    "ambient_dim": 2560
  },
  "persistence_full": {
    "b_0": {
      "n_features": 764,
      "n_infinite": 1,
      "max_persistence": 13.04868221282959,
      "top5_persistences": [
        13.04868221282959,
        10.229939460754395,
        5.304073810577393,
        5.143443584442139,
        4.101354598999023
      ]
    },
    "b_1": {
      "n_features": 514,
      "n_infinite": 0,
      "max_persistence": 0.8585596084594727,
      "top5_persistences": [
        0.8585596084594727,
        0.7971973419189453,
        0.7775912284851074,
        0.7404947280883789,
        0.7170014381408691
      ]
    },
    "b_2": {
      "n_features": 216,
      "n_infinite": 0,
      "max_persistence": 0.5243163108825684,
      "top5_persistences": [
        0.5243163108825684,
        0.4367971420288086,
        0.36646056175231934,
        0.3655965328216553,
        0.3190784454345703
      ]
    }
  },
  "graded": false
}