{
  "model": "Qwen/Qwen3.5-4B-Base",
  "layer": 19,
  "datasets": {
    "humaneval": 50,
    "gsm8k": 50,
    "mmlu": 50,
    "truthfulqa": 50
  },
  "n_samples": 200,
  "pca": {
    "n95": 74,
    "n99": 143,
    "ambient_dim": 2560
  },
  "persistence_full": {
    "b_0": {
      "n_features": 200,
      "n_infinite": 1,
      "max_persistence": 14.467642784118652,
      "top5_persistences": [
        14.467642784118652,
        12.15673828125,
        8.686931610107422,
        5.079603672027588,
        4.849763870239258
      ]
    },
    "b_1": {
      "n_features": 88,
      "n_infinite": 0,
      "max_persistence": 0.9047503471374512,
      "top5_persistences": [
        0.9047503471374512,
        0.8688678741455078,
        0.8220639228820801,
        0.7373466491699219,
        0.6456899642944336
      ]
    },
    "b_2": {
      "n_features": 14,
      "n_infinite": 0,
      "max_persistence": 0.23147082328796387,
      "top5_persistences": [
        0.23147082328796387,
        0.20813465118408203,
        0.20246458053588867,
        0.1548604965209961,
        0.07394647598266602
      ]
    }
  },
  "graded": false
}