{
  "model": "Qwen/Qwen3.5-2B-Base",
  "layer": 5,
  "datasets": {
    "humaneval": 50,
    "gsm8k": 50,
    "mmlu": 50,
    "truthfulqa": 50
  },
  "n_samples": 200,
  "pca": {
    "n95": 15,
    "n99": 84,
    "ambient_dim": 2048
  },
  "persistence_full": {
    "b_0": {
      "n_features": 200,
      "n_infinite": 1,
      "max_persistence": 4.159161567687988,
      "top5_persistences": [
        4.159161567687988,
        3.429248094558716,
        1.5517765283584595,
        1.357041358947754,
        1.285673975944519
      ]
    },
    "b_1": {
      "n_features": 71,
      "n_infinite": 0,
      "max_persistence": 0.19587278366088867,
      "top5_persistences": [
        0.19587278366088867,
        0.18522268533706665,
        0.1108483076095581,
        0.10958468914031982,
        0.093982994556427
      ]
    },
    "b_2": {
      "n_features": 6,
      "n_infinite": 0,
      "max_persistence": 0.04999375343322754,
      "top5_persistences": [
        0.04999375343322754,
        0.049198269844055176,
        0.023587346076965332,
        0.02174198627471924,
        0.011214017868041992
      ]
    }
  },
  "graded": false
}