{
  "model": "Qwen/Qwen3.5-4B-Base",
  "layer": 26,
  "datasets": {
    "humaneval": 50,
    "gsm8k": 50,
    "mmlu": 50,
    "truthfulqa": 50
  },
  "n_samples": 200,
  "pca": {
    "n95": 74,
    "n99": 134,
    "ambient_dim": 2560
  },
  "persistence_full": {
    "b_0": {
      "n_features": 200,
      "n_infinite": 1,
      "max_persistence": 32.02895736694336,
      "top5_persistences": [
        32.02895736694336,
        25.825523376464844,
        17.139333724975586,
        16.107980728149414,
        15.131097793579102
      ]
    },
    "b_1": {
      "n_features": 79,
      "n_infinite": 0,
      "max_persistence": 2.785612106323242,
      "top5_persistences": [
        2.785612106323242,
        2.3825836181640625,
        2.353074073791504,
        2.037306785583496,
        1.9562921524047852
      ]
    },
    "b_2": {
      "n_features": 17,
      "n_infinite": 0,
      "max_persistence": 1.0424270629882812,
      "top5_persistences": [
        1.0424270629882812,
        0.41783714294433594,
        0.3798503875732422,
        0.36095714569091797,
        0.35693836212158203
      ]
    }
  },
  "graded": false
}