{
  "model": "Qwen/Qwen3.5-9B-Base",
  "layer": 26,
  "datasets": {
    "humaneval": 50,
    "gsm8k": 50,
    "mmlu": 50,
    "truthfulqa": 50
  },
  "n_samples": 200,
  "pca": {
    "n95": 90,
    "n99": 145,
    "ambient_dim": 4096
  },
  "persistence_full": {
    "b_0": {
      "n_features": 200,
      "n_infinite": 1,
      "max_persistence": 100.6833724975586,
      "top5_persistences": [
        100.6833724975586,
        82.09465789794922,
        58.91743850708008,
        55.21992111206055,
        51.145263671875
      ]
    },
    "b_1": {
      "n_features": 73,
      "n_infinite": 0,
      "max_persistence": 9.183948516845703,
      "top5_persistences": [
        9.183948516845703,
        9.13470458984375,
        7.969310760498047,
        6.391918182373047,
        6.257259368896484
      ]
    },
    "b_2": {
      "n_features": 12,
      "n_infinite": 0,
      "max_persistence": 2.2997169494628906,
      "top5_persistences": [
        2.2997169494628906,
        1.4165534973144531,
        1.1710891723632812,
        0.8373527526855469,
        0.5364837646484375
      ]
    }
  },
  "graded": false
}