{
  "model": "Qwen/Qwen3.5-9B-Base",
  "layer": 13,
  "datasets": {
    "humaneval": 50,
    "gsm8k": 50,
    "mmlu": 50,
    "truthfulqa": 50
  },
  "n_samples": 200,
  "pca": {
    "n95": 63,
    "n99": 131,
    "ambient_dim": 4096
  },
  "persistence_full": {
    "b_0": {
      "n_features": 200,
      "n_infinite": 1,
      "max_persistence": 18.12272071838379,
      "top5_persistences": [
        18.12272071838379,
        15.534039497375488,
        13.99468994140625,
        13.839668273925781,
        7.645096302032471
      ]
    },
    "b_1": {
      "n_features": 63,
      "n_infinite": 0,
      "max_persistence": 1.1842360496520996,
      "top5_persistences": [
        1.1842360496520996,
        1.0107793807983398,
        0.9960136413574219,
        0.8530240058898926,
        0.7304177284240723
      ]
    },
    "b_2": {
      "n_features": 10,
      "n_infinite": 0,
      "max_persistence": 0.2931556701660156,
      "top5_persistences": [
        0.2931556701660156,
        0.2807321548461914,
        0.2611980438232422,
        0.2439870834350586,
        0.16650104522705078
      ]
    }
  },
  "graded": false
}