{
  "model": "Qwen/Qwen3.5-0.8B-Base",
  "layer": 10,
  "datasets": {
    "humaneval": 50,
    "gsm8k": 50,
    "mmlu": 50,
    "truthfulqa": 50
  },
  "n_samples": 200,
  "pca": {
    "n95": 25,
    "n99": 94,
    "ambient_dim": 1024
  },
  "persistence_full": {
    "b_0": {
      "n_features": 200,
      "n_infinite": 1,
      "max_persistence": 1.7730457782745361,
      "top5_persistences": [
        1.7730457782745361,
        1.1951032876968384,
        0.8781766295433044,
        0.7270216941833496,
        0.7066282629966736
      ]
    },
    "b_1": {
      "n_features": 67,
      "n_infinite": 0,
      "max_persistence": 0.06311661005020142,
      "top5_persistences": [
        0.06311661005020142,
        0.048241809010505676,
        0.0478205680847168,
        0.04651075601577759,
        0.04409801959991455
      ]
    },
    "b_2": {
      "n_features": 9,
      "n_infinite": 0,
      "max_persistence": 0.018491804599761963,
      "top5_persistences": [
        0.018491804599761963,
        0.011430442333221436,
        0.008701592683792114,
        0.008157193660736084,
        0.007940903306007385
      ]
    }
  },
  "graded": false
}