{
  "model": "Qwen/Qwen3.5-4B-Base",
  "layer": 30,
  "datasets": {
    "humaneval": 50,
    "gsm8k": 50,
    "mmlu": 50,
    "truthfulqa": 50
  },
  "n_samples": 200,
  "pca": {
    "n95": 86,
    "n99": 142,
    "ambient_dim": 2560
  },
  "persistence_full": {
    "b_0": {
      "n_features": 200,
      "n_infinite": 1,
      "max_persistence": 44.39630126953125,
      "top5_persistences": [
        44.39630126953125,
        41.74345397949219,
        35.17100143432617,
        33.41038513183594,
        29.483680725097656
      ]
    },
    "b_1": {
      "n_features": 79,
      "n_infinite": 0,
      "max_persistence": 3.306730270385742,
      "top5_persistences": [
        3.306730270385742,
        3.3007564544677734,
        2.9673728942871094,
        2.930990219116211,
        2.5880584716796875
      ]
    },
    "b_2": {
      "n_features": 17,
      "n_infinite": 0,
      "max_persistence": 1.3620738983154297,
      "top5_persistences": [
        1.3620738983154297,
        0.9555206298828125,
        0.8668251037597656,
        0.595855712890625,
        0.5911922454833984
      ]
    }
  },
  "graded": false
}