{
  "model": "Qwen/Qwen3.5-0.8B-Base",
  "layer": 14,
  "datasets": {
    "humaneval": 200,
    "mbpp": 200,
    "gsm8k": 200,
    "mmlu": 200,
    "truthfulqa": 200,
    "arc_challenge": 200,
    "boolq": 200
  },
  "n_samples": 1364,
  "pca": {
    "n95": 65,
    "n99": 287,
    "ambient_dim": 1024
  },
  "persistence_full": {
    "b_0": {
      "n_features": 1364,
      "n_infinite": 1,
      "max_persistence": 2.420959949493408,
      "top5_persistences": [
        2.420959949493408,
        2.3772032260894775,
        1.224768042564392,
        1.2007408142089844,
        0.9877207279205322
      ]
    },
    "b_1": {
      "n_features": 959,
      "n_infinite": 0,
      "max_persistence": 0.1571992039680481,
      "top5_persistences": [
        0.1571992039680481,
        0.14871364831924438,
        0.1290574073791504,
        0.12891867756843567,
        0.12330517172813416
      ]
    },
    "b_2": {
      "n_features": 356,
      "n_infinite": 0,
      "max_persistence": 0.06840485334396362,
      "top5_persistences": [
        0.06840485334396362,
        0.05257803201675415,
        0.04952877759933472,
        0.04643380641937256,
        0.043622493743896484
      ]
    }
  },
  "graded": true,
  "accuracy_by_dataset": {
    "arc_challenge": {
      "n": 200,
      "n_correct": 137
    },
    "boolq": {
      "n": 200,
      "n_correct": 149
    },
    "gsm8k": {
      "n": 200,
      "n_correct": 5
    },
    "humaneval": {
      "n": 164,
      "n_correct": 11
    },
    "mbpp": {
      "n": 200,
      "n_correct": 83
    },
    "mmlu": {
      "n": 200,
      "n_correct": 106
    },
    "truthfulqa": {
      "n": 200,
      "n_correct": 69
    }
  },
  "differential_persistence": {
    "success": {
      "b_0": {
        "n_features": 560,
        "n_infinite": 1,
        "max_persistence": 2.6288256645202637,
        "top5_persistences": [
          2.6288256645202637,
          2.5993943214416504,
          1.5875964164733887,
          1.50815749168396,
          1.312113881111145
        ]
      },
      "b_1": {
        "n_features": 336,
        "n_infinite": 0,
        "max_persistence": 0.1318567991256714,
        "top5_persistences": [
          0.1318567991256714,
          0.12189915776252747,
          0.11934614181518555,
          0.1177678108215332,
          0.11745095252990723
        ]
      },
      "b_2": {
        "n_features": 121,
        "n_infinite": 0,
        "max_persistence": 0.0893738865852356,
        "top5_persistences": [
          0.0893738865852356,
          0.06902408599853516,
          0.0425071120262146,
          0.03953981399536133,
          0.03820163011550903
        ]
      }
    },
    "failure": {
      "b_0": {
        "n_features": 804,
        "n_infinite": 1,
        "max_persistence": 2.4439988136291504,
        "top5_persistences": [
          2.4439988136291504,
          2.389421224594116,
          1.2758835554122925,
          1.2162926197052002,
          0.9061335921287537
        ]
      },
      "b_1": {
        "n_features": 491,
        "n_infinite": 0,
        "max_persistence": 0.18440872430801392,
        "top5_persistences": [
          0.18440872430801392,
          0.15698835253715515,
          0.13936439156532288,
          0.1298060119152069,
          0.1234661340713501
        ]
      },
      "b_2": {
        "n_features": 176,
        "n_infinite": 0,
        "max_persistence": 0.06580173969268799,
        "top5_persistences": [
          0.06580173969268799,
          0.06530654430389404,
          0.05228620767593384,
          0.04510354995727539,
          0.04345297813415527
        ]
      }
    },
    "n_success": 560,
    "n_failure": 804
  }
}