{
  "model": "Qwen/Qwen3.5-4B-Base",
  "layer": 6,
  "datasets": {
    "humaneval": 50,
    "gsm8k": 50,
    "mmlu": 50,
    "truthfulqa": 50
  },
  "n_samples": 200,
  "pca": {
    "n95": 19,
    "n99": 94,
    "ambient_dim": 2560
  },
  "persistence_full": {
    "b_0": {
      "n_features": 200,
      "n_infinite": 1,
      "max_persistence": 4.610223293304443,
      "top5_persistences": [
        4.610223293304443,
        4.264732837677002,
        1.811076045036316,
        1.6710134744644165,
        1.5160773992538452
      ]
    },
    "b_1": {
      "n_features": 48,
      "n_infinite": 0,
      "max_persistence": 0.24211394786834717,
      "top5_persistences": [
        0.24211394786834717,
        0.2257729172706604,
        0.15819114446640015,
        0.15663057565689087,
        0.12775057554244995
      ]
    },
    "b_2": {
      "n_features": 7,
      "n_infinite": 0,
      "max_persistence": 0.08812856674194336,
      "top5_persistences": [
        0.08812856674194336,
        0.05828678607940674,
        0.05316174030303955,
        0.022359132766723633,
        0.00909888744354248
      ]
    }
  },
  "graded": false
}