{
  "model": "Qwen/Qwen3.5-0.8B-Base",
  "layer": 14,
  "datasets": {
    "humaneval": 200,
    "gsm8k": 200,
    "mmlu": 200,
    "truthfulqa": 200
  },
  "n_samples": 764,
  "pca": {
    "n95": 57,
    "n99": 229,
    "ambient_dim": 1024
  },
  "persistence_full": {
    "b_0": {
      "n_features": 764,
      "n_infinite": 1,
      "max_persistence": 2.5155909061431885,
      "top5_persistences": [
        2.5155909061431885,
        2.3948099613189697,
        0.8274120092391968,
        0.7809786796569824,
        0.7459204792976379
      ]
    },
    "b_1": {
      "n_features": 447,
      "n_infinite": 0,
      "max_persistence": 0.14532345533370972,
      "top5_persistences": [
        0.14532345533370972,
        0.14531642198562622,
        0.13910001516342163,
        0.13298183679580688,
        0.13235080242156982
      ]
    },
    "b_2": {
      "n_features": 186,
      "n_infinite": 0,
      "max_persistence": 0.07936471700668335,
      "top5_persistences": [
        0.07936471700668335,
        0.06712687015533447,
        0.061596453189849854,
        0.06113839149475098,
        0.05203777551651001
      ]
    }
  },
  "graded": false
}