{
  "model": "Qwen/Qwen3.5-0.8B-Base",
  "layer": 5,
  "datasets": {
    "humaneval": 50,
    "gsm8k": 50,
    "mmlu": 50,
    "truthfulqa": 50
  },
  "n_samples": 200,
  "pca": {
    "n95": 13,
    "n99": 69,
    "ambient_dim": 1024
  },
  "persistence_full": {
    "b_0": {
      "n_features": 200,
      "n_infinite": 1,
      "max_persistence": 2.0094456672668457,
      "top5_persistences": [
        2.0094456672668457,
        1.2165181636810303,
        0.7984618544578552,
        0.7105816602706909,
        0.5586082339286804
      ]
    },
    "b_1": {
      "n_features": 57,
      "n_infinite": 0,
      "max_persistence": 0.04904377460479736,
      "top5_persistences": [
        0.04904377460479736,
        0.04578426480293274,
        0.04198884963989258,
        0.034728020429611206,
        0.03414791822433472
      ]
    },
    "b_2": {
      "n_features": 10,
      "n_infinite": 0,
      "max_persistence": 0.021940946578979492,
      "top5_persistences": [
        0.021940946578979492,
        0.018495231866836548,
        0.014790356159210205,
        0.012212485074996948,
        0.010200023651123047
      ]
    }
  },
  "graded": false
}