{
  "model": "Qwen/Qwen3.5-0.8B-Base",
  "layer": 14,
  "datasets": {
    "humaneval": 50,
    "gsm8k": 50,
    "mmlu": 50,
    "truthfulqa": 50
  },
  "n_samples": 200,
  "pca": {
    "n95": 37,
    "n99": 105,
    "ambient_dim": 1024
  },
  "persistence_full": {
    "b_0": {
      "n_features": 200,
      "n_infinite": 1,
      "max_persistence": 2.672292709350586,
      "top5_persistences": [
        2.672292709350586,
        2.4973273277282715,
        1.320164442062378,
        1.1252955198287964,
        1.1185945272445679
      ]
    },
    "b_1": {
      "n_features": 74,
      "n_infinite": 0,
      "max_persistence": 0.16929203271865845,
      "top5_persistences": [
        0.16929203271865845,
        0.1470891833305359,
        0.1303091049194336,
        0.11991798877716064,
        0.09800004959106445
      ]
    },
    "b_2": {
      "n_features": 20,
      "n_infinite": 0,
      "max_persistence": 0.07752436399459839,
      "top5_persistences": [
        0.07752436399459839,
        0.04969888925552368,
        0.044837892055511475,
        0.03356039524078369,
        0.032245755195617676
      ]
    }
  },
  "graded": false
}