{
  "model": "Qwen/Qwen3.5-9B-Base",
  "layer": 30,
  "datasets": {
    "humaneval": 50,
    "gsm8k": 50,
    "mmlu": 50,
    "truthfulqa": 50
  },
  "n_samples": 200,
  "pca": {
    "n95": 98,
    "n99": 150,
    "ambient_dim": 4096
  },
  "persistence_full": {
    "b_0": {
      "n_features": 200,
      "n_infinite": 1,
      "max_persistence": 142.39422607421875,
      "top5_persistences": [
        142.39422607421875,
        129.78750610351562,
        104.29518127441406,
        96.7544937133789,
        91.36791229248047
      ]
    },
    "b_1": {
      "n_features": 61,
      "n_infinite": 0,
      "max_persistence": 14.41489028930664,
      "top5_persistences": [
        14.41489028930664,
        13.750503540039062,
        11.731956481933594,
        10.9156494140625,
        10.212215423583984
      ]
    },
    "b_2": {
      "n_features": 6,
      "n_infinite": 0,
      "max_persistence": 4.634742736816406,
      "top5_persistences": [
        4.634742736816406,
        1.6904869079589844,
        1.3527374267578125,
        0.6324310302734375,
        0.46877288818359375
      ]
    }
  },
  "graded": false
}