{
  "model": "Qwen/Qwen3.5-2B-Base",
  "layer": 19,
  "datasets": {
    "humaneval": 50,
    "gsm8k": 50,
    "mmlu": 50,
    "truthfulqa": 50
  },
  "n_samples": 200,
  "pca": {
    "n95": 61,
    "n99": 126,
    "ambient_dim": 2048
  },
  "persistence_full": {
    "b_0": {
      "n_features": 200,
      "n_infinite": 1,
      "max_persistence": 20.57537841796875,
      "top5_persistences": [
        20.57537841796875,
        17.38607406616211,
        9.601855278015137,
        9.071942329406738,
        8.93224811553955
      ]
    },
    "b_1": {
      "n_features": 71,
      "n_infinite": 0,
      "max_persistence": 1.4429082870483398,
      "top5_persistences": [
        1.4429082870483398,
        1.3153712749481201,
        1.0607309341430664,
        1.027381420135498,
        0.9937524795532227
      ]
    },
    "b_2": {
      "n_features": 18,
      "n_infinite": 0,
      "max_persistence": 0.38222694396972656,
      "top5_persistences": [
        0.38222694396972656,
        0.2967066764831543,
        0.2692289352416992,
        0.23993682861328125,
        0.23210906982421875
      ]
    }
  },
  "graded": false
}