{
  "model": "Qwen/Qwen3.5-9B-Base",
  "layer": 32,
  "datasets": {
    "humaneval": 50,
    "gsm8k": 50,
    "mmlu": 50,
    "truthfulqa": 50
  },
  "n_samples": 200,
  "pca": {
    "n95": 107,
    "n99": 165,
    "ambient_dim": 4096
  },
  "persistence_full": {
    "b_0": {
      "n_features": 200,
      "n_infinite": 1,
      "max_persistence": 111.11454010009766,
      "top5_persistences": [
        111.11454010009766,
        79.15635681152344,
        69.78418731689453,
        55.38248825073242,
        54.00461959838867
      ]
    },
    "b_1": {
      "n_features": 81,
      "n_infinite": 0,
      "max_persistence": 9.436279296875,
      "top5_persistences": [
        9.436279296875,
        8.299171447753906,
        8.142879486083984,
        7.874431610107422,
        7.523170471191406
      ]
    },
    "b_2": {
      "n_features": 14,
      "n_infinite": 0,
      "max_persistence": 2.3828468322753906,
      "top5_persistences": [
        2.3828468322753906,
        1.8992195129394531,
        1.542816162109375,
        1.4674739837646484,
        1.2961406707763672
      ]
    }
  },
  "graded": false
}