{
  "model": "Qwen/Qwen3.5-0.8B-Base",
  "layer": 14,
  "datasets": {
    "humaneval": 50,
    "gsm8k": 50,
    "mmlu": 50,
    "truthfulqa": 50
  },
  "n_samples": 200,
  "pca": {
    "n95": 37,
    "n99": 105,
    "ambient_dim": 1024
  },
  "persistence_full": {
    "b_0": {
      "n_features": 200,
      "n_infinite": 1,
      "max_persistence": 2.6757373809814453,
      "top5_persistences": [
        2.6757373809814453,
        2.4928712844848633,
        1.3558192253112793,
        1.113029956817627,
        1.1033530235290527
      ]
    },
    "b_1": {
      "n_features": 78,
      "n_infinite": 0,
      "max_persistence": 0.17789143323898315,
      "top5_persistences": [
        0.17789143323898315,
        0.1423708200454712,
        0.1175568699836731,
        0.09740030765533447,
        0.09712618589401245
      ]
    },
    "b_2": {
      "n_features": 23,
      "n_infinite": 0,
      "max_persistence": 0.08499354124069214,
      "top5_persistences": [
        0.08499354124069214,
        0.0433235764503479,
        0.0421486496925354,
        0.04058480262756348,
        0.04000997543334961
      ]
    }
  },
  "graded": false
}