{
  "model": "Qwen/Qwen3.5-4B-Base",
  "layer": 31,
  "datasets": {
    "humaneval": 50,
    "gsm8k": 50,
    "mmlu": 50,
    "truthfulqa": 50
  },
  "n_samples": 200,
  "pca": {
    "n95": 99,
    "n99": 161,
    "ambient_dim": 2560
  },
  "persistence_full": {
    "b_0": {
      "n_features": 200,
      "n_infinite": 1,
      "max_persistence": 52.960838317871094,
      "top5_persistences": [
        52.960838317871094,
        44.23865509033203,
        40.19853973388672,
        37.308265686035156,
        32.089134216308594
      ]
    },
    "b_1": {
      "n_features": 92,
      "n_infinite": 0,
      "max_persistence": 4.086529731750488,
      "top5_persistences": [
        4.086529731750488,
        3.7218523025512695,
        3.619354248046875,
        3.606874465942383,
        3.4451913833618164
      ]
    },
    "b_2": {
      "n_features": 21,
      "n_infinite": 0,
      "max_persistence": 1.5642585754394531,
      "top5_persistences": [
        1.5642585754394531,
        1.539327621459961,
        1.2891845703125,
        1.266000747680664,
        0.9146194458007812
      ]
    }
  },
  "graded": false
}