{
  "model": "Qwen/Qwen3.5-9B-Base",
  "layer": 19,
  "datasets": {
    "humaneval": 200,
    "mbpp": 200,
    "gsm8k": 200,
    "mmlu": 200,
    "truthfulqa": 200,
    "arc_challenge": 200,
    "boolq": 200
  },
  "n_samples": 1364,
  "pca": {
    "n95": 293,
    "n99": 777,
    "ambient_dim": 4096
  },
  "persistence_full": {
    "b_0": {
      "n_features": 1364,
      "n_infinite": 1,
      "max_persistence": 34.82822799682617,
      "top5_persistences": [
        34.82822799682617,
        30.15655517578125,
        29.962495803833008,
        23.49065399169922,
        13.288317680358887
      ]
    },
    "b_1": {
      "n_features": 896,
      "n_infinite": 0,
      "max_persistence": 2.96317720413208,
      "top5_persistences": [
        2.96317720413208,
        2.8642520904541016,
        2.517638683319092,
        2.483032703399658,
        2.3557682037353516
      ]
    },
    "b_2": {
      "n_features": 368,
      "n_infinite": 0,
      "max_persistence": 1.0041694641113281,
      "top5_persistences": [
        1.0041694641113281,
        0.9922161102294922,
        0.8484983444213867,
        0.8478374481201172,
        0.846623420715332
      ]
    }
  },
  "graded": true,
  "accuracy_by_dataset": {
    "arc_challenge": {
      "n": 200,
      "n_correct": 188
    },
    "boolq": {
      "n": 200,
      "n_correct": 183
    },
    "gsm8k": {
      "n": 200,
      "n_correct": 7
    },
    "humaneval": {
      "n": 164,
      "n_correct": 83
    },
    "mbpp": {
      "n": 200,
      "n_correct": 150
    },
    "mmlu": {
      "n": 200,
      "n_correct": 153
    },
    "truthfulqa": {
      "n": 200,
      "n_correct": 126
    }
  },
  "differential_persistence": {
    "success": {
      "b_0": {
        "n_features": 890,
        "n_infinite": 1,
        "max_persistence": 38.4738883972168,
        "top5_persistences": [
          38.4738883972168,
          30.878768920898438,
          30.486108779907227,
          24.605865478515625,
          13.619002342224121
        ]
      },
      "b_1": {
        "n_features": 589,
        "n_infinite": 0,
        "max_persistence": 2.368215560913086,
        "top5_persistences": [
          2.368215560913086,
          2.3620858192443848,
          2.356016159057617,
          2.1159539222717285,
          2.079836845397949
        ]
      },
      "b_2": {
        "n_features": 236,
        "n_infinite": 0,
        "max_persistence": 0.9079694747924805,
        "top5_persistences": [
          0.9079694747924805,
          0.8806209564208984,
          0.859649658203125,
          0.847681999206543,
          0.8403863906860352
        ]
      }
    },
    "failure": {
      "b_0": {
        "n_features": 474,
        "n_infinite": 1,
        "max_persistence": 38.88988494873047,
        "top5_persistences": [
          38.88988494873047,
          31.777795791625977,
          31.244281768798828,
          25.431882858276367,
          25.30669593811035
        ]
      },
      "b_1": {
        "n_features": 243,
        "n_infinite": 0,
        "max_persistence": 3.195319175720215,
        "top5_persistences": [
          3.195319175720215,
          3.111581802368164,
          2.639312744140625,
          2.547483444213867,
          2.399545669555664
        ]
      },
      "b_2": {
        "n_features": 72,
        "n_infinite": 0,
        "max_persistence": 1.2057266235351562,
        "top5_persistences": [
          1.2057266235351562,
          0.7697334289550781,
          0.7268238067626953,
          0.7249975204467773,
          0.7084445953369141
        ]
      }
    },
    "n_success": 890,
    "n_failure": 474
  }
}