{
  "model": "Qwen/Qwen3.5-2B-Base",
  "layer": 10,
  "datasets": {
    "humaneval": 50,
    "gsm8k": 50,
    "mmlu": 50,
    "truthfulqa": 50
  },
  "n_samples": 200,
  "pca": {
    "n95": 25,
    "n99": 103,
    "ambient_dim": 2048
  },
  "persistence_full": {
    "b_0": {
      "n_features": 200,
      "n_infinite": 1,
      "max_persistence": 4.4965972900390625,
      "top5_persistences": [
        4.4965972900390625,
        4.439518451690674,
        2.144040107727051,
        1.952845811843872,
        1.9214023351669312
      ]
    },
    "b_1": {
      "n_features": 66,
      "n_infinite": 0,
      "max_persistence": 0.4011605978012085,
      "top5_persistences": [
        0.4011605978012085,
        0.20425772666931152,
        0.20210683345794678,
        0.20149743556976318,
        0.17137199640274048
      ]
    },
    "b_2": {
      "n_features": 12,
      "n_infinite": 0,
      "max_persistence": 0.06853175163269043,
      "top5_persistences": [
        0.06853175163269043,
        0.03578174114227295,
        0.02599513530731201,
        0.023193359375,
        0.0174177885055542
      ]
    }
  },
  "graded": false
}