{
  "model": "Qwen/Qwen3.5-2B-Base",
  "layer": 14,
  "datasets": {
    "humaneval": 50,
    "gsm8k": 50,
    "mmlu": 50,
    "truthfulqa": 50
  },
  "n_samples": 200,
  "pca": {
    "n95": 55,
    "n99": 128,
    "ambient_dim": 2048
  },
  "persistence_full": {
    "b_0": {
      "n_features": 200,
      "n_infinite": 1,
      "max_persistence": 8.447510719299316,
      "top5_persistences": [
        8.447510719299316,
        8.372651100158691,
        4.166661739349365,
        3.705143928527832,
        3.650261402130127
      ]
    },
    "b_1": {
      "n_features": 77,
      "n_infinite": 0,
      "max_persistence": 0.6478588581085205,
      "top5_persistences": [
        0.6478588581085205,
        0.543720006942749,
        0.476163387298584,
        0.422762393951416,
        0.34849512577056885
      ]
    },
    "b_2": {
      "n_features": 20,
      "n_infinite": 0,
      "max_persistence": 0.1418064832687378,
      "top5_persistences": [
        0.1418064832687378,
        0.13526606559753418,
        0.08580279350280762,
        0.07627558708190918,
        0.06828022003173828
      ]
    }
  },
  "graded": false
}