{
  "model": "Qwen/Qwen3.5-4B-Base",
  "layer": 19,
  "datasets": {
    "humaneval": 200,
    "mbpp": 200,
    "gsm8k": 200,
    "mmlu": 200,
    "truthfulqa": 200,
    "arc_challenge": 200,
    "boolq": 200
  },
  "n_samples": 1364,
  "pca": {
    "n95": 235,
    "n99": 655,
    "ambient_dim": 2560
  },
  "persistence_full": {
    "b_0": {
      "n_features": 1364,
      "n_infinite": 1,
      "max_persistence": 11.608718872070312,
      "top5_persistences": [
        11.608718872070312,
        9.012811660766602,
        8.101784706115723,
        7.6216559410095215,
        4.722192287445068
      ]
    },
    "b_1": {
      "n_features": 898,
      "n_infinite": 0,
      "max_persistence": 0.8775153160095215,
      "top5_persistences": [
        0.8775153160095215,
        0.8243415355682373,
        0.7792959213256836,
        0.7605991363525391,
        0.7311980724334717
      ]
    },
    "b_2": {
      "n_features": 383,
      "n_infinite": 0,
      "max_persistence": 0.4576902389526367,
      "top5_persistences": [
        0.4576902389526367,
        0.38495969772338867,
        0.3651103973388672,
        0.3547053337097168,
        0.2811319828033447
      ]
    }
  },
  "graded": true,
  "accuracy_by_dataset": {
    "arc_challenge": {
      "n": 200,
      "n_correct": 184
    },
    "boolq": {
      "n": 200,
      "n_correct": 177
    },
    "gsm8k": {
      "n": 200,
      "n_correct": 5
    },
    "humaneval": {
      "n": 164,
      "n_correct": 59
    },
    "mbpp": {
      "n": 200,
      "n_correct": 122
    },
    "mmlu": {
      "n": 200,
      "n_correct": 139
    },
    "truthfulqa": {
      "n": 200,
      "n_correct": 112
    }
  },
  "differential_persistence": {
    "success": {
      "b_0": {
        "n_features": 798,
        "n_infinite": 1,
        "max_persistence": 12.71867847442627,
        "top5_persistences": [
          12.71867847442627,
          10.977256774902344,
          8.2411470413208,
          8.075180053710938,
          5.800045967102051
        ]
      },
      "b_1": {
        "n_features": 523,
        "n_infinite": 0,
        "max_persistence": 0.9925997257232666,
        "top5_persistences": [
          0.9925997257232666,
          0.8994083404541016,
          0.8009777069091797,
          0.7251875400543213,
          0.7229163646697998
        ]
      },
      "b_2": {
        "n_features": 244,
        "n_infinite": 0,
        "max_persistence": 0.34159374237060547,
        "top5_persistences": [
          0.34159374237060547,
          0.2888505458831787,
          0.28669071197509766,
          0.27254271507263184,
          0.2642800807952881
        ]
      }
    },
    "failure": {
      "b_0": {
        "n_features": 566,
        "n_infinite": 1,
        "max_persistence": 12.928425788879395,
        "top5_persistences": [
          12.928425788879395,
          9.256505012512207,
          8.27321720123291,
          7.946321964263916,
          6.124041557312012
        ]
      },
      "b_1": {
        "n_features": 292,
        "n_infinite": 0,
        "max_persistence": 1.1918830871582031,
        "top5_persistences": [
          1.1918830871582031,
          0.8505828380584717,
          0.8240289688110352,
          0.8012375831604004,
          0.7742161750793457
        ]
      },
      "b_2": {
        "n_features": 112,
        "n_infinite": 0,
        "max_persistence": 0.40812182426452637,
        "top5_persistences": [
          0.40812182426452637,
          0.3812680244445801,
          0.29636573791503906,
          0.27416467666625977,
          0.26844000816345215
        ]
      }
    },
    "n_success": 798,
    "n_failure": 566
  }
}