{
  "model": "Qwen/Qwen3.5-9B-Base",
  "layer": 19,
  "datasets": {
    "humaneval": 50,
    "gsm8k": 50,
    "mmlu": 50,
    "truthfulqa": 50
  },
  "n_samples": 200,
  "pca": {
    "n95": 91,
    "n99": 153,
    "ambient_dim": 4096
  },
  "persistence_full": {
    "b_0": {
      "n_features": 200,
      "n_infinite": 1,
      "max_persistence": 40.114505767822266,
      "top5_persistences": [
        40.114505767822266,
        35.224788665771484,
        28.94657325744629,
        20.230724334716797,
        16.95978546142578
      ]
    },
    "b_1": {
      "n_features": 85,
      "n_infinite": 0,
      "max_persistence": 4.815180778503418,
      "top5_persistences": [
        4.815180778503418,
        3.38275146484375,
        2.800969123840332,
        2.4558916091918945,
        2.1833724975585938
      ]
    },
    "b_2": {
      "n_features": 14,
      "n_infinite": 0,
      "max_persistence": 0.8248844146728516,
      "top5_persistences": [
        0.8248844146728516,
        0.8074264526367188,
        0.7419281005859375,
        0.5825605392456055,
        0.4295530319213867
      ]
    }
  },
  "graded": true,
  "accuracy_by_dataset": {
    "gsm8k": {
      "n": 50,
      "n_correct": 2
    },
    "humaneval": {
      "n": 50,
      "n_correct": 29
    },
    "mmlu": {
      "n": 50,
      "n_correct": 31
    },
    "truthfulqa": {
      "n": 50,
      "n_correct": 39
    }
  },
  "differential_persistence": {
    "success": {
      "b_0": {
        "n_features": 101,
        "n_infinite": 1,
        "max_persistence": 41.980201721191406,
        "top5_persistences": [
          41.980201721191406,
          38.98552322387695,
          33.25981140136719,
          26.100156784057617,
          25.80452537536621
        ]
      },
      "b_1": {
        "n_features": 25,
        "n_infinite": 0,
        "max_persistence": 4.023611068725586,
        "top5_persistences": [
          4.023611068725586,
          2.0966529846191406,
          1.5389575958251953,
          1.4795646667480469,
          1.3987693786621094
        ]
      },
      "b_2": {
        "n_features": 7,
        "n_infinite": 0,
        "max_persistence": 1.2092523574829102,
        "top5_persistences": [
          1.2092523574829102,
          0.8018684387207031,
          0.33272361755371094,
          0.13820457458496094,
          0.1339130401611328
        ]
      }
    },
    "failure": {
      "b_0": {
        "n_features": 99,
        "n_infinite": 1,
        "max_persistence": 42.3743782043457,
        "top5_persistences": [
          42.3743782043457,
          36.9219856262207,
          24.624725341796875,
          23.13042449951172,
          21.64515495300293
        ]
      },
      "b_1": {
        "n_features": 32,
        "n_infinite": 0,
        "max_persistence": 2.3372068405151367,
        "top5_persistences": [
          2.3372068405151367,
          2.225560188293457,
          1.8080730438232422,
          1.7748661041259766,
          1.6586694717407227
        ]
      },
      "b_2": {
        "n_features": 6,
        "n_infinite": 0,
        "max_persistence": 1.0385379791259766,
        "top5_persistences": [
          1.0385379791259766,
          0.8789710998535156,
          0.7232608795166016,
          0.5650758743286133,
          0.5437259674072266
        ]
      }
    },
    "n_success": 101,
    "n_failure": 99
  }
}