{
  "model": "Qwen/Qwen3.5-4B-Base",
  "layer": 13,
  "datasets": {
    "humaneval": 50,
    "gsm8k": 50,
    "mmlu": 50,
    "truthfulqa": 50
  },
  "n_samples": 200,
  "pca": {
    "n95": 56,
    "n99": 130,
    "ambient_dim": 2560
  },
  "persistence_full": {
    "b_0": {
      "n_features": 200,
      "n_infinite": 1,
      "max_persistence": 7.580482482910156,
      "top5_persistences": [
        7.580482482910156,
        6.333939075469971,
        4.301475524902344,
        2.9211745262145996,
        2.719560146331787
      ]
    },
    "b_1": {
      "n_features": 72,
      "n_infinite": 0,
      "max_persistence": 0.437908411026001,
      "top5_persistences": [
        0.437908411026001,
        0.43439197540283203,
        0.3537839651107788,
        0.3529083728790283,
        0.35110020637512207
      ]
    },
    "b_2": {
      "n_features": 13,
      "n_infinite": 0,
      "max_persistence": 0.11379623413085938,
      "top5_persistences": [
        0.11379623413085938,
        0.11046504974365234,
        0.10407376289367676,
        0.09891510009765625,
        0.06787371635437012
      ]
    }
  },
  "graded": false
}