{
  "model": "Qwen/Qwen3.5-4B-Base",
  "layer": 32,
  "datasets": {
    "humaneval": 50,
    "gsm8k": 50,
    "mmlu": 50,
    "truthfulqa": 50
  },
  "n_samples": 200,
  "pca": {
    "n95": 102,
    "n99": 161,
    "ambient_dim": 2560
  },
  "persistence_full": {
    "b_0": {
      "n_features": 200,
      "n_infinite": 1,
      "max_persistence": 145.34249877929688,
      "top5_persistences": [
        145.34249877929688,
        98.25041198730469,
        97.65833282470703,
        95.54801177978516,
        90.54425048828125
      ]
    },
    "b_1": {
      "n_features": 86,
      "n_infinite": 0,
      "max_persistence": 11.910972595214844,
      "top5_persistences": [
        11.910972595214844,
        8.964881896972656,
        8.50619125366211,
        8.4144287109375,
        7.888935089111328
      ]
    },
    "b_2": {
      "n_features": 12,
      "n_infinite": 0,
      "max_persistence": 2.5682907104492188,
      "top5_persistences": [
        2.5682907104492188,
        2.3960952758789062,
        1.5645370483398438,
        1.0364990234375,
        0.84686279296875
      ]
    }
  },
  "graded": false
}